ds,Weather,Bargain,y,Closed,Holiday
1990-01-05,0.0,0.0,58507.0,0,0
1990-01-06,0.0,0.0,49088.0,0,0
1990-01-07,0.0,0.0,50066.0,0,0
1990-01-08,0.0,0.0,45954.0,0,0
1990-01-09,0.0,0.0,66422.0,0,0
1990-01-10,1.0,1.0,122356.0,0,0
1990-01-11,0.0,1.0,100184.0,0,0
1990-01-12,0.0,1.0,57033.0,0,0
1990-01-13,1.0,1.0,55085.0,0,0
1990-01-14,0.0,0.0,52429.0,0,0
1990-01-15,0.0,0.0,64338.0,0,1
1990-01-16,1.0,0.0,36599.0,0,0
1990-01-17,0.0,0.0,61861.0,0,0
1990-01-18,0.0,0.0,0.0,1,0
1990-01-19,1.0,0.0,40686.0,0,0
1990-01-20,0.0,0.0,67181.0,0,0
1990-01-21,0.0,0.0,70232.0,0,0
1990-01-22,0.0,0.0,74766.0,0,0
1990-01-23,0.0,0.0,65169.0,0,0
1990-01-24,0.0,0.0,45599.0,0,0
1990-01-25,0.0,1.0,102235.0,0,0
1990-01-26,0.0,1.0,104069.0,0,0
1990-01-27,0.0,1.0,81108.0,0,0
1990-01-28,0.0,1.0,61321.0,0,0
1990-01-29,1.0,0.0,52041.0,0,0
1990-01-30,0.0,0.0,49100.0,0,0
1990-01-31,0.0,0.0,0.0,1,0
1990-02-01,0.0,0.0,0.0,1,0
1990-02-02,0.0,0.0,60287.0,0,0
1990-02-03,1.0,0.0,46076.0,0,0
1990-02-04,0.0,0.0,0.0,1,0
1990-02-05,0.0,0.0,56333.0,0,0
1990-02-06,0.0,0.0,59983.0,0,0
1990-02-07,0.0,0.0,0.0,1,0
1990-02-08,0.0,0.0,0.0,1,0
1990-02-09,0.0,0.0,0.0,1,0
1990-02-10,0.0,0.0,0.0,1,0
1990-02-11,1.0,0.0,33720.0,0,1
1990-02-12,0.0,0.0,63626.0,0,1
1990-02-13,0.0,0.0,48788.0,0,0
1990-02-14,1.0,0.0,35335.0,0,0
1990-02-15,1.0,0.0,45632.0,0,0
1990-02-16,1.0,0.0,40024.0,0,0
1990-02-17,0.0,0.0,68286.0,0,0
1990-02-18,0.0,0.0,49676.0,0,0
1990-02-19,1.0,0.0,49985.0,0,0
1990-02-20,1.0,0.0,42805.0,0,0
1990-02-21,0.0,0.0,69170.0,0,0
1990-02-22,0.0,0.0,0.0,1,0
1990-02-23,1.0,0.0,41603.0,0,0
1990-02-24,0.0,0.0,57751.0,0,0
1990-02-25,1.0,0.0,34203.0,0,0
1990-02-26,1.0,0.0,33828.0,0,0
1990-02-27,1.0,0.0,43707.0,0,0
1990-02-28,0.0,1.0,182987.0,0,0
1990-03-01,1.0,1.0,64631.0,0,0
1990-03-02,1.0,1.0,38678.0,0,0
1990-03-03,1.0,1.0,66346.0,0,0
1990-03-04,0.0,1.0,66898.0,0,0
1990-03-05,0.0,0.0,58512.0,0,0
1990-03-06,0.0,0.0,59287.0,0,0
1990-03-07,0.0,0.0,52585.0,0,0
1990-03-08,0.0,0.0,0.0,1,0
1990-03-09,0.0,0.0,51019.0,0,0
1990-03-10,0.0,0.0,59685.0,0,0
1990-03-11,0.0,0.0,61867.0,0,0
1990-03-12,0.0,0.0,55672.0,0,0
1990-03-13,0.0,0.0,58511.0,0,0
1990-03-14,0.0,0.0,55632.0,0,0
1990-03-15,0.0,0.0,0.0,1,0
1990-03-16,0.0,0.0,58161.0,0,0
1990-03-17,0.0,0.0,58665.0,0,0
1990-03-18,1.0,0.0,23122.0,0,0
1990-03-19,0.0,0.0,52484.0,0,0
1990-03-20,0.0,0.0,56969.0,0,0
1990-03-21,0.0,0.0,54045.0,0,1
1990-03-22,0.0,0.0,0.0,1,0
1990-03-23,0.0,0.0,61175.0,0,0
1990-03-24,0.0,0.0,49856.0,0,0
1990-03-25,0.0,0.0,48295.0,0,0
1990-03-26,0.0,0.0,43892.0,0,0
1990-03-27,0.0,0.0,58992.0,0,0
1990-03-28,0.0,1.0,161975.0,0,0
1990-03-29,1.0,1.0,48999.0,0,0
1990-03-30,0.0,1.0,76246.0,0,0
1990-03-31,1.0,1.0,41819.0,0,0
1990-04-01,0.0,1.0,93858.0,0,0
1990-04-02,0.0,1.0,61807.0,0,0
1990-04-03,0.0,1.0,64332.0,0,0
1990-04-04,1.0,1.0,39134.0,0,0
1990-04-05,0.0,0.0,0.0,1,0
1990-04-06,0.0,0.0,78960.0,0,0
1990-04-07,0.0,0.0,67028.0,0,0
1990-04-08,1.0,0.0,60198.0,0,0
1990-04-09,0.0,0.0,67992.0,0,0
1990-04-10,0.0,0.0,74499.0,0,0
1990-04-11,0.0,0.0,80239.0,0,0
1990-04-12,0.0,0.0,0.0,1,0
1990-04-13,1.0,0.0,51595.0,0,0
1990-04-14,0.0,0.0,83218.0,0,0
1990-04-15,1.0,0.0,67079.0,0,0
1990-04-16,1.0,0.0,44477.0,0,0
1990-04-17,1.0,0.0,54914.0,0,0
1990-04-18,1.0,0.0,71808.0,0,0
1990-04-19,0.0,0.0,0.0,1,0
1990-04-20,1.0,0.0,52286.0,0,0
1990-04-21,1.0,0.0,38745.0,0,0
1990-04-22,1.0,0.0,60137.0,0,0
1990-04-23,1.0,0.0,72208.0,0,0
1990-04-24,0.0,1.0,342557.0,0,0
1990-04-25,0.0,1.0,386720.0,0,0
1990-04-26,0.0,1.0,196506.0,0,0
1990-04-27,0.0,1.0,176156.0,0,0
1990-04-28,0.0,1.0,207145.0,0,0
1990-04-29,1.0,0.0,57801.0,0,1
1990-04-30,0.0,0.0,69018.0,0,1
1990-05-01,0.0,0.0,62126.0,0,0
1990-05-02,0.0,0.0,59421.0,0,0
1990-05-03,0.0,0.0,0.0,1,1
1990-05-04,1.0,0.0,45038.0,0,1
1990-05-05,1.0,0.0,50030.0,0,1
1990-05-06,0.0,0.0,63903.0,0,0
1990-05-07,1.0,0.0,49063.0,0,0
1990-05-08,0.0,0.0,89389.0,0,0
1990-05-09,0.0,0.0,75061.0,0,0
1990-05-10,0.0,0.0,0.0,1,0
1990-05-11,1.0,0.0,82596.0,0,0
1990-05-12,0.0,0.0,78603.0,0,0
1990-05-13,0.0,0.0,77582.0,0,0
1990-05-14,1.0,0.0,54009.0,0,0
1990-05-15,0.0,0.0,70260.0,0,0
1990-05-16,0.0,0.0,60670.0,0,0
1990-05-17,0.0,0.0,62646.0,0,0
1990-05-18,0.0,0.0,60324.0,0,0
1990-05-19,1.0,0.0,68452.0,0,0
1990-05-20,0.0,0.0,105576.0,0,0
1990-05-21,1.0,0.0,51577.0,0,0
1990-05-22,0.0,0.0,75720.0,0,0
1990-05-23,0.0,0.0,95031.0,0,0
1990-05-24,0.0,0.0,0.0,1,0
1990-05-25,1.0,0.0,61726.0,0,0
1990-05-26,0.0,0.0,123419.0,0,0
1990-05-27,0.0,0.0,109200.0,0,0
1990-05-28,0.0,0.0,82329.0,0,0
1990-05-29,0.0,0.0,84771.0,0,0
1990-05-30,0.0,1.0,170670.0,0,0
1990-05-31,0.0,1.0,114068.0,0,0
1990-06-01,1.0,1.0,96137.0,0,0
1990-06-02,1.0,1.0,107481.0,0,0
1990-06-03,0.0,1.0,97488.0,0,0
1990-06-04,0.0,0.0,70624.0,0,0
1990-06-05,1.0,0.0,52687.0,0,0
1990-06-06,0.0,0.0,86305.0,0,0
1990-06-07,0.0,0.0,0.0,1,0
1990-06-08,0.0,0.0,75328.0,0,0
1990-06-09,1.0,0.0,47037.0,0,0
1990-06-10,0.0,0.0,79659.0,0,0
1990-06-11,0.0,0.0,86145.0,0,0
1990-06-12,1.0,0.0,70209.0,0,0
1990-06-13,0.0,0.0,91911.0,0,0
1990-06-14,0.0,0.0,0.0,1,0
1990-06-15,0.0,0.0,72366.0,0,0
1990-06-16,1.0,0.0,94422.0,0,0
1990-06-17,0.0,0.0,92362.0,0,0
1990-06-18,0.0,0.0,87734.0,0,0
1990-06-19,0.0,0.0,81757.0,0,0
1990-06-20,1.0,0.0,53518.0,0,0
1990-06-21,0.0,0.0,0.0,1,0
1990-06-22,0.0,0.0,83101.0,0,0
1990-06-23,0.0,0.0,104693.0,0,0
1990-06-24,0.0,0.0,91715.0,0,0
1990-06-25,0.0,0.0,70159.0,0,0
1990-06-26,1.0,0.0,63696.0,0,0
1990-06-27,0.0,1.0,155069.0,0,0
1990-06-28,0.0,1.0,145646.0,0,0
1990-06-29,0.0,1.0,97159.0,0,0
1990-06-30,0.0,1.0,106605.0,0,0
1990-07-01,0.0,1.0,120126.0,0,0
1990-07-02,0.0,0.0,74690.0,0,0
1990-07-03,1.0,0.0,44348.0,0,0
1990-07-04,1.0,0.0,59184.0,0,0
1990-07-05,0.0,0.0,0.0,1,0
1990-07-06,0.0,0.0,108193.0,0,0
1990-07-07,0.0,0.0,101239.0,0,0
1990-07-08,0.0,0.0,89802.0,0,0
1990-07-09,1.0,0.0,71635.0,0,0
1990-07-10,1.0,0.0,54625.0,0,0
1990-07-11,0.0,0.0,81549.0,0,0
1990-07-12,1.0,0.0,46053.0,0,0
1990-07-13,1.0,0.0,80029.0,0,0
1990-07-14,0.0,0.0,80762.0,0,0
1990-07-15,1.0,0.0,70096.0,0,0
1990-07-16,0.0,0.0,72792.0,0,0
1990-07-17,0.0,0.0,89499.0,0,0
1990-07-18,0.0,1.0,186632.0,0,0
1990-07-19,0.0,1.0,146583.0,0,0
1990-07-20,0.0,1.0,97694.0,0,0
1990-07-21,0.0,1.0,118178.0,0,0
1990-07-22,0.0,1.0,94979.0,0,0
1990-07-23,0.0,0.0,63578.0,0,0
1990-07-24,0.0,0.0,76834.0,0,0
1990-07-25,0.0,0.0,72260.0,0,0
1990-07-26,0.0,0.0,88445.0,0,0
1990-07-27,0.0,1.0,203826.0,0,0
1990-07-28,0.0,1.0,132636.0,0,0
1990-07-29,0.0,1.0,102074.0,0,0
1990-07-30,0.0,0.0,83044.0,0,0
1990-07-31,0.0,0.0,80814.0,0,0
1990-08-01,0.0,0.0,87931.0,0,0
1990-08-02,0.0,0.0,89185.0,0,0
1990-08-03,0.0,0.0,96958.0,0,0
1990-08-04,0.0,0.0,70258.0,0,0
1990-08-05,1.0,0.0,86413.0,0,0
1990-08-06,0.0,0.0,73817.0,0,0
1990-08-07,0.0,1.0,160469.0,0,0
1990-08-08,0.0,1.0,111899.0,0,0
1990-08-09,1.0,1.0,60914.0,0,0
1990-08-10,1.0,1.0,25146.0,0,0
1990-08-11,0.0,1.0,134395.0,0,0
1990-08-12,0.0,1.0,99291.0,0,0
1990-08-13,0.0,1.0,73752.0,0,0
1990-08-14,0.0,1.0,62270.0,0,0
1990-08-15,0.0,1.0,67283.0,0,0
1990-08-16,0.0,0.0,0.0,1,0
1990-08-17,0.0,0.0,0.0,1,0
1990-08-18,0.0,0.0,0.0,1,0
1990-08-19,0.0,0.0,0.0,1,0
1990-08-20,0.0,0.0,0.0,1,0
1990-08-21,0.0,0.0,0.0,1,0
1990-08-22,0.0,0.0,0.0,1,0
1990-08-23,0.0,0.0,52599.0,0,0
1990-08-24,0.0,0.0,59603.0,0,0
1990-08-25,0.0,0.0,70030.0,0,0
1990-08-26,0.0,0.0,74780.0,0,0
1990-08-27,0.0,0.0,58384.0,0,0
1990-08-28,1.0,0.0,58120.0,0,0
1990-08-29,1.0,0.0,52895.0,0,0
1990-08-30,0.0,0.0,65095.0,0,0
1990-08-31,0.0,0.0,57100.0,0,0
1990-09-01,0.0,0.0,57269.0,0,0
1990-09-02,1.0,0.0,68332.0,0,0
1990-09-03,0.0,0.0,54762.0,0,0
1990-09-04,0.0,0.0,67867.0,0,0
1990-09-05,0.0,0.0,67006.0,0,0
1990-09-06,0.0,0.0,0.0,1,0
1990-09-07,0.0,0.0,57019.0,0,0
1990-09-08,0.0,0.0,80692.0,0,0
1990-09-09,0.0,0.0,87691.0,0,0
1990-09-10,0.0,0.0,57418.0,0,0
1990-09-11,0.0,0.0,60385.0,0,0
1990-09-12,0.0,0.0,69960.0,0,0
1990-09-13,0.0,0.0,0.0,1,0
1990-09-14,1.0,0.0,54349.0,0,0
1990-09-15,1.0,0.0,50146.0,0,1
1990-09-16,1.0,0.0,75958.0,0,0
1990-09-17,1.0,0.0,59946.0,0,0
1990-09-18,0.0,0.0,53606.0,0,0
1990-09-19,1.0,0.0,55529.0,0,0
1990-09-20,0.0,0.0,0.0,1,0
1990-09-21,0.0,0.0,63835.0,0,0
1990-09-22,0.0,0.0,67562.0,0,0
1990-09-23,0.0,0.0,65597.0,0,1
1990-09-24,0.0,0.0,58539.0,0,1
1990-09-25,1.0,0.0,45572.0,0,0
1990-09-26,1.0,1.0,81413.0,0,0
1990-09-27,0.0,1.0,272824.0,0,0
1990-09-28,0.0,1.0,107176.0,0,0
1990-09-29,0.0,1.0,103028.0,0,0
1990-09-30,1.0,1.0,128858.0,0,0
1990-10-01,0.0,0.0,107013.0,0,0
1990-10-02,0.0,0.0,74180.0,0,0
1990-10-03,0.0,0.0,63176.0,0,0
1990-10-04,0.0,0.0,0.0,1,0
1990-10-05,0.0,0.0,67470.0,0,0
1990-10-06,0.0,0.0,75890.0,0,0
1990-10-07,1.0,0.0,47864.0,0,0
1990-10-08,1.0,0.0,48561.0,0,0
1990-10-09,0.0,0.0,82334.0,0,0
1990-10-10,0.0,0.0,81271.0,0,1
1990-10-11,0.0,0.0,0.0,1,0
1990-10-12,0.0,0.0,88658.0,0,0
1990-10-13,1.0,0.0,57248.0,0,0
1990-10-14,0.0,0.0,87919.0,0,0
1990-10-15,1.0,0.0,48578.0,0,0
1990-10-16,0.0,0.0,72606.0,0,0
1990-10-17,0.0,0.0,72881.0,0,0
1990-10-18,0.0,0.0,0.0,1,0
1990-10-19,0.0,0.0,65330.0,0,0
1990-10-20,0.0,0.0,68324.0,0,0
1990-10-21,0.0,0.0,73733.0,0,0
1990-10-22,0.0,1.0,69536.0,0,0
1990-10-23,0.0,1.0,302376.0,0,0
1990-10-24,0.0,1.0,188021.0,0,0
1990-10-25,0.0,1.0,118971.0,0,0
1990-10-26,0.0,1.0,138062.0,0,0
1990-10-27,0.0,1.0,126079.0,0,0
1990-10-28,0.0,0.0,76103.0,0,0
1990-10-29,0.0,0.0,66818.0,0,0
1990-10-30,1.0,0.0,32350.0,0,0
1990-10-31,0.0,0.0,56220.0,0,0
1990-11-01,0.0,0.0,0.0,1,0
1990-11-02,0.0,0.0,82054.0,0,0
1990-11-03,0.0,0.0,67572.0,0,1
1990-11-04,1.0,0.0,45191.0,0,0
1990-11-05,0.0,0.0,63571.0,0,0
1990-11-06,0.0,0.0,67923.0,0,0
1990-11-07,0.0,0.0,76696.0,0,0
1990-11-08,0.0,0.0,0.0,1,0
1990-11-09,0.0,0.0,65206.0,0,0
1990-11-10,0.0,0.0,68716.0,0,0
1990-11-11,0.0,0.0,78202.0,0,0
1990-11-12,0.0,0.0,90338.0,0,1
1990-11-13,0.0,0.0,60271.0,0,0
1990-11-14,0.0,0.0,74012.0,0,0
1990-11-15,0.0,0.0,56070.0,0,0
1990-11-16,0.0,1.0,183177.0,0,0
1990-11-17,0.0,1.0,142633.0,0,0
1990-11-18,0.0,1.0,92258.0,0,0
1990-11-19,0.0,0.0,76731.0,0,0
1990-11-20,1.0,0.0,52269.0,0,0
1990-11-21,0.0,0.0,80561.0,0,0
1990-11-22,0.0,0.0,0.0,1,0
1990-11-23,0.0,0.0,97565.0,0,1
1990-11-24,0.0,0.0,78935.0,0,0
1990-11-25,0.0,0.0,85343.0,0,0
1990-11-26,0.0,0.0,74677.0,0,0
1990-11-27,0.0,1.0,164350.0,0,0
1990-11-28,1.0,1.0,36764.0,0,0
1990-11-29,1.0,1.0,52036.0,0,0
1990-11-30,1.0,0.0,38819.0,0,0
1990-12-01,0.0,0.0,100891.0,0,0
1990-12-02,0.0,0.0,70251.0,0,0
1990-12-03,0.0,0.0,59594.0,0,0
1990-12-04,0.0,0.0,78824.0,0,0
1990-12-05,0.0,0.0,98955.0,0,0
1990-12-06,0.0,0.0,0.0,1,0
1990-12-07,0.0,0.0,83897.0,0,0
1990-12-08,0.0,0.0,92719.0,0,0
1990-12-09,1.0,0.0,62572.0,0,0
1990-12-10,0.0,0.0,93392.0,0,0
1990-12-11,1.0,0.0,84656.0,0,0
1990-12-12,0.0,0.0,78125.0,0,0
1990-12-13,0.0,1.0,106491.0,0,0
1990-12-14,0.0,1.0,102343.0,0,0
1990-12-15,0.0,1.0,115994.0,0,0
1990-12-16,0.0,1.0,100046.0,0,0
1990-12-17,0.0,0.0,73162.0,0,0
1990-12-18,0.0,0.0,65307.0,0,0
1990-12-19,0.0,0.0,73463.0,0,0
1990-12-20,0.0,0.0,79078.0,0,0
1990-12-21,1.0,0.0,66782.0,0,0
1990-12-22,0.0,0.0,82859.0,0,0
1990-12-23,0.0,0.0,82474.0,0,1
1990-12-24,0.0,0.0,90622.0,0,1
1990-12-25,0.0,1.0,138316.0,0,0
1990-12-26,1.0,1.0,111090.0,0,0
1990-12-27,0.0,1.0,107878.0,0,0
1990-12-28,0.0,1.0,88750.0,0,0
1990-12-29,0.0,1.0,124465.0,0,0
1990-12-30,0.0,0.0,131609.0,0,0
1990-12-31,0.0,0.0,146227.0,0,0
1991-01-01,0.0,0.0,0.0,1,1
1991-01-02,0.0,0.0,0.0,1,0
1991-01-03,0.0,0.0,0.0,1,0
1991-01-04,0.0,0.0,0.0,1,0
1991-01-05,0.0,0.0,67834.0,0,0
1991-01-06,0.0,0.0,61097.0,0,0
1991-01-07,0.0,0.0,74252.0,0,0
1991-01-08,0.0,0.0,82642.0,0,0
1991-01-09,0.0,0.0,64608.0,0,0
1991-01-10,0.0,0.0,0.0,1,0
1991-01-11,0.0,1.0,200626.0,0,0
1991-01-12,1.0,1.0,91627.0,0,0
1991-01-13,1.0,1.0,122309.0,0,0
1991-01-14,0.0,0.0,67549.0,0,0
1991-01-15,0.0,0.0,83257.0,0,1
1991-01-16,0.0,0.0,76654.0,0,0
1991-01-17,1.0,0.0,58751.0,0,0
1991-01-18,0.0,0.0,63357.0,0,0
1991-01-19,0.0,0.0,73537.0,0,0
1991-01-20,0.0,0.0,86594.0,0,0
1991-01-21,0.0,0.0,0.0,1,0
1991-01-22,0.0,0.0,81205.0,0,0
1991-01-23,0.0,0.0,65460.0,0,0
1991-01-24,0.0,0.0,68018.0,0,0
1991-01-25,0.0,0.0,70257.0,0,0
1991-01-26,0.0,0.0,67336.0,0,0
1991-01-27,0.0,0.0,64833.0,0,0
1991-01-28,0.0,0.0,68931.0,0,0
1991-01-29,0.0,0.0,52705.0,0,0
1991-01-30,0.0,0.0,52672.0,0,0
1991-01-31,0.0,0.0,73861.0,0,0
1991-02-01,0.0,0.0,84723.0,0,0
1991-02-02,0.0,0.0,70765.0,0,0
1991-02-03,0.0,0.0,70806.0,0,0
1991-02-04,0.0,0.0,72408.0,0,0
1991-02-05,0.0,0.0,55660.0,0,0
1991-02-06,0.0,0.0,0.0,1,0
1991-02-07,0.0,0.0,0.0,1,0
1991-02-08,0.0,0.0,65796.0,0,0
1991-02-09,0.0,0.0,67254.0,0,0
1991-02-10,1.0,1.0,67702.0,0,0
1991-02-11,0.0,1.0,113187.0,0,1
1991-02-12,1.0,1.0,75296.0,0,0
1991-02-13,0.0,1.0,72115.0,0,0
1991-02-14,0.0,1.0,62981.0,0,0
1991-02-15,1.0,1.0,38890.0,0,0
1991-02-16,0.0,1.0,81803.0,0,0
1991-02-17,0.0,1.0,57327.0,0,0
1991-02-18,0.0,0.0,55445.0,0,0
1991-02-19,0.0,0.0,62326.0,0,0
1991-02-20,0.0,0.0,95460.0,0,0
1991-02-21,0.0,0.0,0.0,1,0
1991-02-22,0.0,0.0,64870.0,0,0
1991-02-23,0.0,0.0,70525.0,0,0
1991-02-24,0.0,0.0,64768.0,0,0
1991-02-25,0.0,0.0,59782.0,0,0
1991-02-26,0.0,0.0,90430.0,0,0
1991-02-27,0.0,1.0,152356.0,0,0
1991-02-28,1.0,1.0,62019.0,0,0
1991-03-01,1.0,1.0,52598.0,0,0
1991-03-02,0.0,1.0,98122.0,0,0
1991-03-03,0.0,1.0,63967.0,0,0
1991-03-04,0.0,0.0,68849.0,0,0
1991-03-05,0.0,0.0,64924.0,0,0
1991-03-06,0.0,0.0,67750.0,0,0
1991-03-07,0.0,0.0,0.0,1,0
1991-03-08,0.0,0.0,0.0,1,0
1991-03-09,0.0,0.0,70773.0,0,0
1991-03-10,0.0,0.0,76467.0,0,0
1991-03-11,1.0,0.0,34480.0,0,0
1991-03-12,0.0,0.0,54461.0,0,0
1991-03-13,0.0,0.0,53337.0,0,0
1991-03-14,1.0,1.0,57371.0,0,0
1991-03-15,0.0,1.0,88101.0,0,0
1991-03-16,0.0,1.0,61545.0,0,0
1991-03-17,0.0,1.0,83367.0,0,0
1991-03-18,0.0,0.0,67383.0,0,0
1991-03-19,0.0,0.0,73062.0,0,0
1991-03-20,0.0,0.0,69790.0,0,0
1991-03-21,0.0,0.0,0.0,1,1
1991-03-22,1.0,0.0,34882.0,0,0
1991-03-23,0.0,0.0,66118.0,0,0
1991-03-24,0.0,0.0,72365.0,0,0
1991-03-25,1.0,0.0,46721.0,0,0
1991-03-26,0.0,0.0,85364.0,0,0
1991-03-27,1.0,1.0,67261.0,0,0
1991-03-28,1.0,1.0,62033.0,0,0
1991-03-29,0.0,1.0,105961.0,0,0
1991-03-30,1.0,1.0,108309.0,0,0
1991-03-31,1.0,1.0,73337.0,0,0
1991-04-01,1.0,0.0,60820.0,0,0
1991-04-02,0.0,0.0,76313.0,0,0
1991-04-03,0.0,0.0,77522.0,0,0
1991-04-04,0.0,0.0,0.0,1,0
1991-04-05,0.0,0.0,82024.0,0,0
1991-04-06,1.0,0.0,60987.0,0,0
1991-04-07,1.0,0.0,39447.0,0,0
1991-04-08,1.0,0.0,48832.0,0,0
1991-04-09,0.0,0.0,109691.0,0,0
1991-04-10,0.0,0.0,80425.0,0,0
1991-04-11,0.0,0.0,0.0,1,0
1991-04-12,1.0,0.0,100775.0,0,0
1991-04-13,1.0,0.0,66070.0,0,0
1991-04-14,0.0,0.0,117271.0,0,0
1991-04-15,0.0,0.0,86301.0,0,0
1991-04-16,0.0,0.0,121415.0,0,0
1991-04-17,0.0,0.0,129033.0,0,0
1991-04-18,0.0,0.0,0.0,1,0
1991-04-19,0.0,0.0,82848.0,0,0
1991-04-20,0.0,0.0,87665.0,0,0
1991-04-21,1.0,0.0,98427.0,0,0
1991-04-22,0.0,0.0,92856.0,0,0
1991-04-23,0.0,1.0,379220.0,0,0
1991-04-24,0.0,1.0,304581.0,0,0
1991-04-25,1.0,1.0,86260.0,0,0
1991-04-26,0.0,1.0,138321.0,0,0
1991-04-27,0.0,1.0,146075.0,0,0
1991-04-28,0.0,1.0,114186.0,0,0
1991-04-29,1.0,1.0,80508.0,0,1
1991-04-30,0.0,0.0,62205.0,0,0
1991-05-01,0.0,0.0,78284.0,0,0
1991-05-02,0.0,0.0,0.0,1,0
1991-05-03,0.0,0.0,78541.0,0,1
1991-05-04,0.0,0.0,81384.0,0,1
1991-05-05,0.0,0.0,95043.0,0,1
1991-05-06,0.0,0.0,100068.0,0,1
1991-05-07,0.0,0.0,80325.0,0,0
1991-05-08,1.0,0.0,60483.0,0,0
1991-05-09,1.0,0.0,46333.0,0,0
1991-05-10,0.0,1.0,144391.0,0,0
1991-05-11,0.0,1.0,156484.0,0,0
1991-05-12,1.0,0.0,70474.0,0,0
1991-05-13,0.0,0.0,89764.0,0,0
1991-05-14,1.0,0.0,79505.0,0,0
1991-05-15,1.0,0.0,53334.0,0,0
1991-05-16,0.0,0.0,0.0,1,0
1991-05-17,0.0,0.0,94362.0,0,0
1991-05-18,0.0,0.0,96905.0,0,0
1991-05-19,0.0,0.0,102799.0,0,0
1991-05-20,0.0,0.0,89872.0,0,0
1991-05-21,0.0,0.0,82830.0,0,0
1991-05-22,0.0,0.0,82670.0,0,0
1991-05-23,0.0,0.0,0.0,1,0
1991-05-24,0.0,0.0,79358.0,0,0
1991-05-25,0.0,0.0,116658.0,0,0
1991-05-26,0.0,0.0,95459.0,0,0
1991-05-27,1.0,0.0,47285.0,0,0
1991-05-28,0.0,0.0,61979.0,0,0
1991-05-29,0.0,0.0,63818.0,0,0
1991-05-30,0.0,1.0,204391.0,0,0
1991-05-31,1.0,1.0,68767.0,0,0
1991-06-01,1.0,1.0,97057.0,0,0
1991-06-02,1.0,1.0,76230.0,0,0
1991-06-03,1.0,0.0,52035.0,0,0
1991-06-04,0.0,0.0,77212.0,0,0
1991-06-05,0.0,0.0,86052.0,0,0
1991-06-06,0.0,0.0,0.0,1,0
1991-06-07,0.0,0.0,94899.0,0,0
1991-06-08,0.0,0.0,93021.0,0,0
1991-06-09,0.0,0.0,105812.0,0,0
1991-06-10,1.0,0.0,66026.0,0,0
1991-06-11,0.0,0.0,112122.0,0,0
1991-06-12,0.0,0.0,123252.0,0,0
1991-06-13,0.0,0.0,0.0,1,0
1991-06-14,0.0,0.0,124970.0,0,0
1991-06-15,0.0,0.0,102591.0,0,0
1991-06-16,0.0,0.0,110955.0,0,0
1991-06-17,0.0,0.0,95008.0,0,0
1991-06-18,0.0,0.0,89884.0,0,0
1991-06-19,0.0,0.0,84659.0,0,0
1991-06-20,0.0,0.0,0.0,1,0
1991-06-21,0.0,0.0,108682.0,0,0
1991-06-22,1.0,0.0,51240.0,0,0
1991-06-23,1.0,0.0,69390.0,0,0
1991-06-24,1.0,0.0,73726.0,0,0
1991-06-25,0.0,1.0,212731.0,0,0
1991-06-26,0.0,1.0,135149.0,0,0
1991-06-27,0.0,1.0,132830.0,0,0
1991-06-28,0.0,1.0,108331.0,0,0
1991-06-29,0.0,1.0,110193.0,0,0
1991-06-30,0.0,0.0,112651.0,0,0
1991-07-01,1.0,0.0,71537.0,0,0
1991-07-02,0.0,0.0,77432.0,0,0
1991-07-03,0.0,0.0,81044.0,0,0
1991-07-04,0.0,0.0,0.0,1,0
1991-07-05,0.0,0.0,81884.0,0,0
1991-07-06,0.0,0.0,98542.0,0,0
1991-07-07,0.0,0.0,93580.0,0,0
1991-07-08,0.0,0.0,74157.0,0,0
1991-07-09,0.0,0.0,88959.0,0,0
1991-07-10,0.0,0.0,91626.0,0,0
1991-07-11,0.0,1.0,168469.0,0,0
1991-07-12,0.0,1.0,128117.0,0,0
1991-07-13,0.0,1.0,86026.0,0,0
1991-07-14,0.0,1.0,107220.0,0,0
1991-07-15,0.0,0.0,66021.0,0,0
1991-07-16,1.0,0.0,49131.0,0,0
1991-07-17,0.0,0.0,84622.0,0,0
1991-07-18,0.0,0.0,0.0,1,0
1991-07-19,0.0,0.0,105640.0,0,0
1991-07-20,0.0,0.0,101983.0,0,0
1991-07-21,0.0,0.0,97704.0,0,0
1991-07-22,0.0,0.0,88159.0,0,0
1991-07-23,0.0,0.0,86179.0,0,0
1991-07-24,0.0,0.0,102850.0,0,0
1991-07-25,0.0,1.0,175732.0,0,0
1991-07-26,0.0,1.0,133184.0,0,0
1991-07-27,1.0,1.0,113697.0,0,0
1991-07-28,0.0,1.0,120057.0,0,0
1991-07-29,0.0,0.0,86106.0,0,0
1991-07-30,1.0,0.0,66335.0,0,0
1991-07-31,0.0,0.0,90254.0,0,0
1991-08-01,1.0,0.0,67114.0,0,0
1991-08-02,0.0,0.0,94245.0,0,0
1991-08-03,0.0,0.0,95620.0,0,0
1991-08-04,0.0,0.0,93831.0,0,0
1991-08-05,0.0,0.0,85377.0,0,0
1991-08-06,0.0,1.0,163051.0,0,0
1991-08-07,1.0,1.0,134056.0,0,0
1991-08-08,0.0,1.0,106012.0,0,0
1991-08-09,0.0,1.0,90616.0,0,0
1991-08-10,0.0,1.0,99680.0,0,0
1991-08-11,0.0,1.0,100400.0,0,0
1991-08-12,0.0,1.0,105885.0,0,0
1991-08-13,1.0,1.0,77027.0,0,0
1991-08-14,0.0,1.0,95854.0,0,0
1991-08-15,0.0,1.0,84368.0,0,0
1991-08-16,0.0,0.0,0.0,1,0
1991-08-17,0.0,0.0,0.0,1,0
1991-08-18,0.0,0.0,0.0,1,0
1991-08-19,0.0,0.0,0.0,1,0
1991-08-20,0.0,0.0,0.0,1,0
1991-08-21,0.0,0.0,0.0,1,0
1991-08-22,0.0,0.0,0.0,1,0
1991-08-23,0.0,0.0,90644.0,0,0
1991-08-24,0.0,0.0,74020.0,0,0
1991-08-25,0.0,0.0,81282.0,0,0
1991-08-26,0.0,0.0,63516.0,0,0
1991-08-27,0.0,0.0,82484.0,0,0
1991-08-28,0.0,0.0,74115.0,0,0
1991-08-29,1.0,0.0,73135.0,0,0
1991-08-30,1.0,0.0,61038.0,0,0
1991-08-31,0.0,0.0,64795.0,0,0
1991-09-01,0.0,0.0,78595.0,0,0
1991-09-02,0.0,0.0,84242.0,0,0
1991-09-03,0.0,0.0,70570.0,0,0
1991-09-04,0.0,0.0,0.0,1,0
1991-09-05,0.0,0.0,0.0,1,0
1991-09-06,0.0,0.0,73832.0,0,0
1991-09-07,0.0,0.0,86509.0,0,0
1991-09-08,0.0,0.0,0.0,1,0
1991-09-09,0.0,0.0,59641.0,0,0
1991-09-10,1.0,0.0,55323.0,0,0
1991-09-11,0.0,0.0,81646.0,0,0
1991-09-12,0.0,0.0,61207.0,0,0
1991-09-13,1.0,0.0,45280.0,0,0
1991-09-14,1.0,0.0,57214.0,0,0
1991-09-15,0.0,0.0,72939.0,0,1
1991-09-16,1.0,0.0,63753.0,0,1
1991-09-17,1.0,0.0,64761.0,0,0
1991-09-18,1.0,0.0,48787.0,0,0
1991-09-19,0.0,0.0,0.0,1,0
1991-09-20,0.0,0.0,74235.0,0,0
1991-09-21,1.0,0.0,75722.0,0,0
1991-09-22,0.0,0.0,75940.0,0,0
1991-09-23,0.0,0.0,74375.0,0,1
1991-09-24,1.0,0.0,67745.0,0,0
1991-09-25,0.0,0.0,72763.0,0,0
1991-09-26,1.0,1.0,109942.0,0,0
1991-09-27,1.0,1.0,118436.0,0,0
1991-09-28,0.0,1.0,80396.0,0,0
1991-09-29,0.0,1.0,81422.0,0,0
1991-09-30,1.0,0.0,65914.0,0,0
1991-10-01,1.0,0.0,39200.0,0,0
1991-10-02,0.0,0.0,76943.0,0,0
1991-10-03,0.0,0.0,0.0,1,0
1991-10-04,0.0,1.0,95525.0,0,0
1991-10-05,0.0,1.0,103077.0,0,0
1991-10-06,1.0,0.0,46133.0,0,0
1991-10-07,1.0,0.0,53071.0,0,0
1991-10-08,1.0,0.0,62387.0,0,0
1991-10-09,1.0,0.0,48852.0,0,0
1991-10-10,0.0,0.0,0.0,1,1
1991-10-11,1.0,0.0,42659.0,0,0
1991-10-12,1.0,0.0,43566.0,0,0
1991-10-13,1.0,0.0,100521.0,0,0
1991-10-14,1.0,0.0,43101.0,0,0
1991-10-15,0.0,0.0,97870.0,0,0
1991-10-16,0.0,0.0,117026.0,0,0
1991-10-17,0.0,0.0,0.0,1,0
1991-10-18,0.0,0.0,91746.0,0,0
1991-10-19,0.0,0.0,115374.0,0,0
1991-10-20,0.0,0.0,93926.0,0,0
1991-10-21,0.0,0.0,73934.0,0,0
1991-10-22,0.0,0.0,88435.0,0,0
1991-10-23,0.0,1.0,332578.0,0,0
1991-10-24,0.0,1.0,239213.0,0,0
1991-10-25,1.0,1.0,72113.0,0,0
1991-10-26,0.0,1.0,105376.0,0,0
1991-10-27,1.0,1.0,59847.0,0,0
1991-10-28,1.0,0.0,80851.0,0,0
1991-10-29,0.0,0.0,75018.0,0,0
1991-10-30,1.0,0.0,63621.0,0,0
1991-10-31,0.0,0.0,86197.0,0,0
1991-11-01,0.0,0.0,0.0,1,0
1991-11-02,0.0,0.0,0.0,1,0
1991-11-03,0.0,0.0,81419.0,0,1
1991-11-04,0.0,0.0,95947.0,0,1
1991-11-05,0.0,0.0,65543.0,0,0
1991-11-06,0.0,0.0,92629.0,0,0
1991-11-07,0.0,0.0,0.0,1,0
1991-11-08,1.0,0.0,55472.0,0,0
1991-11-09,0.0,0.0,101294.0,0,0
1991-11-10,0.0,0.0,86005.0,0,0
1991-11-11,0.0,0.0,72482.0,0,0
1991-11-12,0.0,0.0,87806.0,0,0
1991-11-13,0.0,1.0,231379.0,0,0
1991-11-14,0.0,1.0,134703.0,0,0
1991-11-15,0.0,1.0,82139.0,0,0
1991-11-16,0.0,1.0,89497.0,0,0
1991-11-17,0.0,0.0,92900.0,0,0
1991-11-18,0.0,0.0,70132.0,0,0
1991-11-19,0.0,0.0,59391.0,0,0
1991-11-20,0.0,0.0,84233.0,0,0
1991-11-21,0.0,0.0,0.0,1,0
1991-11-22,0.0,0.0,83142.0,0,0
1991-11-23,0.0,0.0,80132.0,0,1
1991-11-24,0.0,0.0,70832.0,0,0
1991-11-25,0.0,0.0,72948.0,0,0
1991-11-26,0.0,0.0,94737.0,0,0
1991-11-27,1.0,1.0,161172.0,0,0
1991-11-28,1.0,1.0,41103.0,0,0
1991-11-29,0.0,1.0,89883.0,0,0
1991-11-30,0.0,1.0,96102.0,0,0
1991-12-01,0.0,1.0,87310.0,0,0
1991-12-02,0.0,0.0,66047.0,0,0
1991-12-03,0.0,0.0,80311.0,0,0
1991-12-04,0.0,0.0,67812.0,0,0
1991-12-05,0.0,0.0,0.0,1,0
1991-12-06,0.0,0.0,106993.0,0,0
1991-12-07,0.0,0.0,93477.0,0,0
1991-12-08,0.0,0.0,75975.0,0,0
1991-12-09,0.0,0.0,67071.0,0,0
1991-12-10,0.0,0.0,72115.0,0,0
1991-12-11,0.0,1.0,134287.0,0,0
1991-12-12,0.0,1.0,110049.0,0,0
1991-12-13,0.0,1.0,114300.0,0,0
1991-12-14,0.0,1.0,102999.0,0,0
1991-12-15,0.0,0.0,81508.0,0,0
1991-12-16,0.0,0.0,77064.0,0,0
1991-12-17,0.0,0.0,87370.0,0,0
1991-12-18,1.0,0.0,74752.0,0,0
1991-12-19,0.0,0.0,82743.0,0,0
1991-12-20,0.0,0.0,77877.0,0,0
1991-12-21,0.0,0.0,86818.0,0,0
1991-12-22,0.0,0.0,83742.0,0,0
1991-12-23,0.0,0.0,79656.0,0,1
1991-12-24,0.0,0.0,89081.0,0,0
1991-12-25,1.0,1.0,89234.0,0,0
1991-12-26,1.0,1.0,67740.0,0,0
1991-12-27,1.0,1.0,69432.0,0,0
1991-12-28,0.0,1.0,119523.0,0,0
1991-12-29,0.0,1.0,110290.0,0,0
1991-12-30,0.0,1.0,130560.0,0,0
1991-12-31,0.0,1.0,131922.0,0,0
1992-01-01,0.0,0.0,0.0,1,1
1992-01-02,0.0,0.0,0.0,1,0
1992-01-03,0.0,0.0,0.0,1,0
1992-01-04,0.0,0.0,0.0,1,0
1992-01-05,0.0,0.0,0.0,1,0
1992-01-06,1.0,0.0,39703.0,0,0
1992-01-07,1.0,0.0,66451.0,0,0
1992-01-08,0.0,0.0,78688.0,0,0
1992-01-09,1.0,0.0,37478.0,0,0
1992-01-10,0.0,0.0,61346.0,0,0
1992-01-11,0.0,0.0,81761.0,0,0
1992-01-12,1.0,0.0,56022.0,0,0
1992-01-13,0.0,0.0,70400.0,0,0
1992-01-14,0.0,0.0,64831.0,0,0
1992-01-15,0.0,1.0,150560.0,0,1
1992-01-16,1.0,1.0,93765.0,0,0
1992-01-17,0.0,1.0,108112.0,0,0
1992-01-18,0.0,1.0,106090.0,0,0
1992-01-19,0.0,1.0,92491.0,0,0
1992-01-20,0.0,0.0,75914.0,0,0
1992-01-21,0.0,0.0,73026.0,0,0
1992-01-22,0.0,0.0,70518.0,0,0
1992-01-23,0.0,0.0,70385.0,0,0
1992-01-24,0.0,0.0,79183.0,0,0
1992-01-25,0.0,0.0,86957.0,0,0
1992-01-26,0.0,0.0,78679.0,0,0
1992-01-27,0.0,0.0,0.0,1,0
1992-01-28,0.0,0.0,73762.0,0,0
1992-01-29,0.0,0.0,0.0,1,0
1992-01-30,0.0,0.0,54761.0,0,0
1992-01-31,1.0,0.0,33536.0,0,0
1992-02-01,1.0,0.0,38140.0,0,0
1992-02-02,0.0,0.0,91328.0,0,0
1992-02-03,0.0,0.0,71008.0,0,0
1992-02-04,1.0,0.0,47939.0,0,0
1992-02-05,0.0,0.0,71641.0,0,0
1992-02-06,0.0,0.0,0.0,1,0
1992-02-07,0.0,1.0,154733.0,0,0
1992-02-08,0.0,1.0,116972.0,0,0
1992-02-09,0.0,1.0,85607.0,0,0
1992-02-10,0.0,1.0,78420.0,0,0
1992-02-11,0.0,1.0,90181.0,0,1
1992-02-12,0.0,1.0,71654.0,0,0
1992-02-13,0.0,1.0,77782.0,0,0
1992-02-14,0.0,1.0,79918.0,0,0
1992-02-15,0.0,1.0,90970.0,0,0
1992-02-16,0.0,0.0,68034.0,0,0
1992-02-17,0.0,0.0,75708.0,0,0
1992-02-18,0.0,0.0,75469.0,0,0
1992-02-19,0.0,0.0,71580.0,0,0
1992-02-20,0.0,0.0,0.0,1,0
1992-02-21,0.0,0.0,73031.0,0,0
1992-02-22,0.0,0.0,73131.0,0,0
1992-02-23,0.0,0.0,86435.0,0,0
1992-02-24,0.0,0.0,70172.0,0,0
1992-02-25,0.0,0.0,67433.0,0,0
1992-02-26,0.0,1.0,178787.0,0,0
1992-02-27,0.0,1.0,111814.0,0,0
1992-02-28,0.0,1.0,101354.0,0,0
1992-02-29,0.0,1.0,87470.0,0,0
1992-03-01,0.0,1.0,87228.0,0,0
1992-03-02,0.0,0.0,61220.0,0,0
1992-03-03,0.0,0.0,45000.0,0,0
1992-03-04,0.0,0.0,66643.0,0,0
1992-03-05,0.0,0.0,0.0,1,0
1992-03-06,0.0,0.0,69383.0,0,0
1992-03-07,0.0,0.0,64017.0,0,0
1992-03-08,0.0,0.0,71710.0,0,0
1992-03-09,0.0,0.0,76529.0,0,0
1992-03-10,0.0,0.0,62725.0,0,0
1992-03-11,0.0,0.0,61609.0,0,0
1992-03-12,0.0,0.0,0.0,1,0
1992-03-13,0.0,1.0,151459.0,0,0
1992-03-14,0.0,1.0,131133.0,0,0
1992-03-15,1.0,1.0,98654.0,0,0
1992-03-16,1.0,0.0,48527.0,0,0
1992-03-17,1.0,0.0,37374.0,0,0
1992-03-18,1.0,0.0,48915.0,0,0
1992-03-19,0.0,0.0,0.0,1,0
1992-03-20,0.0,0.0,82145.0,0,1
1992-03-21,1.0,0.0,29158.0,0,0
1992-03-22,0.0,0.0,84700.0,0,0
1992-03-23,1.0,0.0,51918.0,0,0
1992-03-24,0.0,0.0,79428.0,0,0
1992-03-25,0.0,1.0,169814.0,0,0
1992-03-26,1.0,1.0,92455.0,0,0
1992-03-27,0.0,1.0,83423.0,0,0
1992-03-28,0.0,1.0,101026.0,0,0
1992-03-29,1.0,1.0,50193.0,0,0
1992-03-30,0.0,0.0,71485.0,0,0
1992-03-31,0.0,0.0,80248.0,0,0
1992-04-01,1.0,0.0,64944.0,0,0
1992-04-02,0.0,0.0,0.0,1,0
1992-04-03,0.0,0.0,138315.0,0,0
1992-04-04,0.0,0.0,117582.0,0,0
1992-04-05,1.0,0.0,56777.0,0,0
1992-04-06,0.0,0.0,101974.0,0,0
1992-04-07,0.0,0.0,91249.0,0,0
1992-04-08,0.0,1.0,172744.0,0,0
1992-04-09,0.0,1.0,130315.0,0,0
1992-04-10,1.0,1.0,53769.0,0,0
1992-04-11,0.0,1.0,97550.0,0,0
1992-04-12,0.0,1.0,100853.0,0,0
1992-04-13,0.0,0.0,102377.0,0,0
1992-04-14,1.0,0.0,73535.0,0,0
1992-04-15,0.0,0.0,97011.0,0,0
1992-04-16,0.0,0.0,0.0,1,0
1992-04-17,0.0,0.0,99111.0,0,0
1992-04-18,0.0,0.0,91943.0,0,0
1992-04-19,1.0,0.0,54957.0,0,0
1992-04-20,1.0,0.0,100562.0,0,0
1992-04-21,0.0,0.0,96639.0,0,0
1992-04-22,1.0,1.0,244270.0,0,0
1992-04-23,0.0,1.0,308946.0,0,0
1992-04-24,0.0,1.0,195598.0,0,0
1992-04-25,0.0,1.0,217538.0,0,0
1992-04-26,0.0,1.0,181458.0,0,0
1992-04-27,0.0,0.0,107651.0,0,0
1992-04-28,0.0,0.0,99761.0,0,0
1992-04-29,0.0,0.0,101853.0,0,1
1992-04-30,0.0,0.0,0.0,1,0
1992-05-01,0.0,0.0,106694.0,0,0
1992-05-02,0.0,0.0,104659.0,0,0
1992-05-03,0.0,0.0,88069.0,0,1
1992-05-04,0.0,0.0,71153.0,0,1
1992-05-05,0.0,0.0,0.0,1,1
1992-05-06,0.0,0.0,0.0,1,0
1992-05-07,0.0,0.0,0.0,1,0
1992-05-08,0.0,1.0,126139.0,0,0
1992-05-09,1.0,1.0,54882.0,0,0
1992-05-10,1.0,0.0,47967.0,0,0
1992-05-11,0.0,0.0,84951.0,0,0
1992-05-12,0.0,0.0,87873.0,0,0
1992-05-13,1.0,0.0,67630.0,0,0
1992-05-14,0.0,0.0,82887.0,0,0
1992-05-15,1.0,0.0,89000.0,0,0
1992-05-16,1.0,0.0,71005.0,0,0
1992-05-17,0.0,0.0,133662.0,0,0
1992-05-18,1.0,0.0,46024.0,0,0
1992-05-19,0.0,0.0,84514.0,0,0
1992-05-20,0.0,0.0,79784.0,0,0
1992-05-21,0.0,0.0,0.0,1,0
1992-05-22,0.0,0.0,99000.0,0,0
1992-05-23,0.0,0.0,88624.0,0,0
1992-05-24,1.0,0.0,89821.0,0,0
1992-05-25,0.0,0.0,95454.0,0,0
1992-05-26,1.0,0.0,81794.0,0,0
1992-05-27,0.0,1.0,224330.0,0,0
1992-05-28,0.0,1.0,124064.0,0,0
1992-05-29,1.0,1.0,100911.0,0,0
1992-05-30,1.0,1.0,47243.0,0,0
1992-05-31,0.0,1.0,125652.0,0,0
1992-06-01,0.0,0.0,94426.0,0,0
1992-06-02,0.0,0.0,96735.0,0,0
1992-06-03,0.0,0.0,106880.0,0,0
1992-06-04,0.0,0.0,0.0,1,0
1992-06-05,0.0,0.0,135929.0,0,0
1992-06-06,0.0,0.0,116684.0,0,0
1992-06-07,0.0,0.0,106657.0,0,0
1992-06-08,0.0,0.0,83100.0,0,0
1992-06-09,0.0,0.0,103150.0,0,0
1992-06-10,0.0,0.0,94552.0,0,0
1992-06-11,0.0,0.0,0.0,1,0
1992-06-12,0.0,0.0,104130.0,0,0
1992-06-13,0.0,0.0,107004.0,0,0
1992-06-14,0.0,0.0,101719.0,0,0
1992-06-15,1.0,0.0,70926.0,0,0
1992-06-16,0.0,0.0,112631.0,0,0
1992-06-17,0.0,0.0,89025.0,0,0
1992-06-18,0.0,0.0,0.0,1,0
1992-06-19,1.0,0.0,90581.0,0,0
1992-06-20,1.0,0.0,30403.0,0,0
1992-06-21,1.0,0.0,90690.0,0,0
1992-06-22,0.0,0.0,104017.0,0,0
1992-06-23,1.0,0.0,50221.0,0,0
1992-06-24,1.0,1.0,155215.0,0,0
1992-06-25,0.0,1.0,136764.0,0,0
1992-06-26,0.0,1.0,113450.0,0,0
1992-06-27,0.0,1.0,117148.0,0,0
1992-06-28,0.0,0.0,108423.0,0,0
1992-06-29,0.0,0.0,113387.0,0,0
1992-06-30,1.0,0.0,46636.0,0,0
1992-07-01,0.0,0.0,114019.0,0,0
1992-07-02,1.0,0.0,59248.0,0,0
1992-07-03,1.0,0.0,79754.0,0,0
1992-07-04,0.0,0.0,86963.0,0,0
1992-07-05,1.0,0.0,82448.0,0,0
1992-07-06,0.0,0.0,116869.0,0,0
1992-07-07,1.0,0.0,85144.0,0,0
1992-07-08,0.0,1.0,219630.0,0,0
1992-07-09,0.0,1.0,119538.0,0,0
1992-07-10,0.0,1.0,123260.0,0,0
1992-07-11,1.0,1.0,117770.0,0,0
1992-07-12,1.0,1.0,120152.0,0,0
1992-07-13,1.0,0.0,78834.0,0,0
1992-07-14,1.0,0.0,51820.0,0,0
1992-07-15,1.0,0.0,95028.0,0,0
1992-07-16,0.0,0.0,0.0,1,0
1992-07-17,1.0,0.0,96451.0,0,0
1992-07-18,0.0,0.0,122691.0,0,0
1992-07-19,0.0,0.0,99839.0,0,0
1992-07-20,0.0,0.0,118519.0,0,0
1992-07-21,0.0,0.0,120134.0,0,0
1992-07-22,0.0,0.0,104860.0,0,0
1992-07-23,0.0,0.0,115742.0,0,0
1992-07-24,0.0,0.0,101666.0,0,0
1992-07-25,0.0,0.0,137000.0,0,0
1992-07-26,0.0,0.0,115679.0,0,0
1992-07-27,0.0,0.0,115322.0,0,0
1992-07-28,0.0,1.0,190293.0,0,0
1992-07-29,0.0,1.0,172134.0,0,0
1992-07-30,0.0,1.0,126914.0,0,0
1992-07-31,0.0,1.0,102252.0,0,0
1992-08-01,1.0,0.0,127235.0,0,0
1992-08-02,1.0,0.0,118271.0,0,0
1992-08-03,1.0,0.0,114291.0,0,0
1992-08-04,0.0,0.0,86889.0,0,0
1992-08-05,1.0,1.0,219346.0,0,0
1992-08-06,1.0,1.0,152683.0,0,0
1992-08-07,0.0,1.0,116613.0,0,0
1992-08-08,0.0,1.0,123141.0,0,0
1992-08-09,0.0,1.0,110386.0,0,0
1992-08-10,0.0,1.0,128712.0,0,0
1992-08-11,0.0,1.0,117838.0,0,0
1992-08-12,0.0,1.0,124080.0,0,0
1992-08-13,0.0,1.0,108215.0,0,0
1992-08-14,0.0,1.0,94191.0,0,0
1992-08-15,0.0,0.0,0.0,1,0
1992-08-16,0.0,0.0,0.0,1,0
1992-08-17,0.0,0.0,0.0,1,0
1992-08-18,0.0,0.0,0.0,1,0
1992-08-19,0.0,0.0,0.0,1,0
1992-08-20,0.0,0.0,0.0,1,0
1992-08-21,0.0,0.0,0.0,1,0
1992-08-22,0.0,0.0,99285.0,0,0
1992-08-23,0.0,0.0,102688.0,0,0
1992-08-24,1.0,0.0,81752.0,0,0
1992-08-25,0.0,0.0,79165.0,0,0
1992-08-26,0.0,0.0,111152.0,0,0
1992-08-27,0.0,0.0,55516.0,0,0
1992-08-28,0.0,0.0,86332.0,0,0
1992-08-29,0.0,0.0,75474.0,0,0
1992-08-30,0.0,0.0,72153.0,0,0
1992-08-31,0.0,0.0,68703.0,0,0
1992-09-01,0.0,0.0,79864.0,0,0
1992-09-02,0.0,0.0,67858.0,0,0
1992-09-03,0.0,0.0,0.0,1,0
1992-09-04,0.0,0.0,68793.0,0,0
1992-09-05,0.0,0.0,88043.0,0,0
1992-09-06,0.0,0.0,83001.0,0,0
1992-09-07,0.0,0.0,80688.0,0,0
1992-09-08,0.0,0.0,79559.0,0,0
1992-09-09,0.0,0.0,78439.0,0,0
1992-09-10,0.0,0.0,0.0,1,0
1992-09-11,0.0,0.0,65558.0,0,0
1992-09-12,0.0,0.0,88991.0,0,0
1992-09-13,0.0,0.0,97788.0,0,0
1992-09-14,0.0,0.0,80247.0,0,0
1992-09-15,1.0,0.0,80158.0,0,1
1992-09-16,0.0,0.0,78179.0,0,0
1992-09-17,0.0,0.0,0.0,1,0
1992-09-18,0.0,0.0,86858.0,0,0
1992-09-19,1.0,0.0,82909.0,0,0
1992-09-20,0.0,0.0,101251.0,0,0
1992-09-21,0.0,0.0,98022.0,0,0
1992-09-22,0.0,0.0,81424.0,0,0
1992-09-23,0.0,0.0,74886.0,0,1
1992-09-24,0.0,0.0,0.0,1,0
1992-09-25,0.0,0.0,66114.0,0,0
1992-09-26,0.0,0.0,88804.0,0,0
1992-09-27,0.0,0.0,80948.0,0,0
1992-09-28,0.0,0.0,110223.0,0,0
1992-09-29,1.0,1.0,190547.0,0,0
1992-09-30,0.0,1.0,129380.0,0,0
1992-10-01,1.0,1.0,94392.0,0,0
1992-10-02,1.0,1.0,102836.0,0,0
1992-10-03,0.0,1.0,133869.0,0,0
1992-10-04,0.0,1.0,88170.0,0,0
1992-10-05,1.0,0.0,50532.0,0,0
1992-10-06,0.0,0.0,106234.0,0,0
1992-10-07,0.0,0.0,98261.0,0,0
1992-10-08,0.0,0.0,0.0,1,0
1992-10-09,0.0,0.0,96667.0,0,0
1992-10-10,0.0,0.0,98896.0,0,1
1992-10-11,0.0,0.0,95103.0,0,0
1992-10-12,1.0,0.0,67291.0,0,0
1992-10-13,1.0,0.0,63497.0,0,0
1992-10-14,1.0,1.0,165621.0,0,0
1992-10-15,1.0,1.0,103513.0,0,0
1992-10-16,0.0,1.0,134664.0,0,0
1992-10-17,0.0,1.0,26842.0,0,0
1992-10-18,0.0,1.0,87439.0,0,0
1992-10-19,1.0,0.0,43392.0,0,0
1992-10-20,1.0,0.0,51286.0,0,0
1992-10-21,0.0,0.0,114072.0,0,0
1992-10-22,0.0,0.0,0.0,1,0
1992-10-23,0.0,0.0,93392.0,0,0
1992-10-24,1.0,0.0,54592.0,0,0
1992-10-25,0.0,0.0,92151.0,0,0
1992-10-26,0.0,0.0,84886.0,0,0
1992-10-27,0.0,0.0,82142.0,0,0
1992-10-28,0.0,0.0,83366.0,0,0
1992-10-29,0.0,0.0,0.0,1,0
1992-10-30,0.0,0.0,81743.0,0,0
1992-10-31,0.0,0.0,86884.0,0,0
1992-11-01,1.0,0.0,79788.0,0,0
1992-11-02,0.0,0.0,80746.0,0,0
1992-11-03,0.0,0.0,77248.0,0,1
1992-11-04,0.0,1.0,184229.0,0,0
1992-11-05,0.0,1.0,145304.0,0,0
1992-11-06,1.0,1.0,77641.0,0,0
1992-11-07,0.0,1.0,79847.0,0,0
1992-11-08,0.0,1.0,84581.0,0,0
1992-11-09,1.0,0.0,61252.0,0,0
1992-11-10,0.0,0.0,82541.0,0,0
1992-11-11,0.0,0.0,88623.0,0,0
1992-11-12,0.0,0.0,0.0,1,0
1992-11-13,0.0,0.0,98842.0,0,0
1992-11-14,0.0,0.0,126626.0,0,0
1992-11-15,0.0,0.0,100856.0,0,0
1992-11-16,0.0,0.0,84432.0,0,0
1992-11-17,0.0,0.0,76827.0,0,0
1992-11-18,0.0,0.0,104212.0,0,0
1992-11-19,0.0,0.0,0.0,1,0
1992-11-20,1.0,0.0,32551.0,0,0
1992-11-21,1.0,0.0,83642.0,0,0
1992-11-22,0.0,0.0,87956.0,0,0
1992-11-23,0.0,0.0,93815.0,0,1
1992-11-24,0.0,0.0,83821.0,0,0
1992-11-25,0.0,1.0,216484.0,0,0
1992-11-26,0.0,1.0,139833.0,0,0
1992-11-27,0.0,1.0,128290.0,0,0
1992-11-28,1.0,1.0,89838.0,0,0
1992-11-29,0.0,1.0,101431.0,0,0
1992-11-30,0.0,0.0,82642.0,0,0
1992-12-01,1.0,0.0,67502.0,0,0
1992-12-02,0.0,0.0,88305.0,0,0
1992-12-03,0.0,0.0,0.0,1,0
1992-12-04,0.0,0.0,105023.0,0,0
1992-12-05,0.0,0.0,126285.0,0,0
1992-12-06,0.0,0.0,102584.0,0,0
1992-12-07,0.0,0.0,92995.0,0,0
1992-12-08,1.0,0.0,57080.0,0,0
1992-12-09,0.0,0.0,81434.0,0,0
1992-12-10,0.0,0.0,85837.0,0,0
1992-12-11,0.0,0.0,84011.0,0,0
1992-12-12,0.0,0.0,107101.0,0,0
1992-12-13,0.0,0.0,85412.0,0,0
1992-12-14,0.0,0.0,88545.0,0,0
1992-12-15,0.0,0.0,88981.0,0,0
1992-12-16,0.0,1.0,172120.0,0,0
1992-12-17,0.0,1.0,125266.0,0,0
1992-12-18,0.0,1.0,105516.0,0,0
1992-12-19,0.0,0.0,97866.0,0,0
1992-12-20,0.0,0.0,102060.0,0,0
1992-12-21,0.0,0.0,75254.0,0,0
1992-12-22,0.0,0.0,92676.0,0,0
1992-12-23,0.0,0.0,74568.0,0,1
1992-12-24,0.0,0.0,82814.0,0,0
1992-12-25,0.0,1.0,189517.0,0,0
1992-12-26,0.0,1.0,121927.0,0,0
1992-12-27,0.0,1.0,115852.0,0,0
1992-12-28,0.0,1.0,87424.0,0,0
1992-12-29,0.0,0.0,91640.0,0,0
1992-12-30,0.0,0.0,117702.0,0,0
1992-12-31,0.0,0.0,121115.0,0,0
1993-01-01,0.0,0.0,0.0,1,1
1993-01-02,0.0,0.0,0.0,1,0
1993-01-03,0.0,0.0,0.0,1,0
1993-01-04,0.0,0.0,63928.0,0,0
1993-01-05,0.0,0.0,59914.0,0,0
1993-01-06,0.0,0.0,72345.0,0,0
1993-01-07,1.0,0.0,44936.0,0,0
1993-01-08,0.0,0.0,72484.0,0,0
1993-01-09,1.0,0.0,57465.0,0,0
1993-01-10,1.0,0.0,76612.0,0,0
1993-01-11,1.0,0.0,76247.0,0,0
1993-01-12,0.0,0.0,88735.0,0,0
1993-01-13,0.0,1.0,167179.0,0,0
1993-01-14,1.0,1.0,58750.0,0,0
1993-01-15,1.0,1.0,51957.0,0,1
1993-01-16,1.0,1.0,63244.0,0,0
1993-01-17,0.0,0.0,94953.0,0,0
1993-01-18,1.0,0.0,69815.0,0,0
1993-01-19,0.0,0.0,72614.0,0,0
1993-01-20,0.0,0.0,0.0,1,0
1993-01-21,0.0,0.0,0.0,1,0
1993-01-22,0.0,0.0,72807.0,0,0
1993-01-23,1.0,0.0,66570.0,0,0
1993-01-24,1.0,0.0,56947.0,0,0
1993-01-25,1.0,0.0,37421.0,0,0
1993-01-26,1.0,0.0,68100.0,0,0
1993-01-27,0.0,1.0,142810.0,0,0
1993-01-28,1.0,1.0,72873.0,0,0
1993-01-29,0.0,1.0,90938.0,0,0
1993-01-30,0.0,0.0,87287.0,0,0
1993-01-31,0.0,0.0,81482.0,0,0
1993-02-01,1.0,0.0,57341.0,0,0
1993-02-02,0.0,0.0,79568.0,0,0
1993-02-03,0.0,1.0,150217.0,0,0
1993-02-04,0.0,1.0,105446.0,0,0
1993-02-05,0.0,1.0,88261.0,0,0
1993-02-06,0.0,1.0,88746.0,0,0
1993-02-07,1.0,1.0,63467.0,0,0
1993-02-08,0.0,1.0,78374.0,0,0
1993-02-09,0.0,1.0,75261.0,0,0
1993-02-10,0.0,1.0,83215.0,0,0
1993-02-11,0.0,0.0,0.0,1,1
1993-02-12,0.0,0.0,0.0,1,0
1993-02-13,0.0,0.0,0.0,1,0
1993-02-14,0.0,0.0,0.0,1,0
1993-02-15,0.0,0.0,0.0,1,0
1993-02-16,0.0,0.0,0.0,1,0
1993-02-17,0.0,0.0,0.0,1,0
1993-02-18,0.0,0.0,87657.0,0,0
1993-02-19,0.0,0.0,83025.0,0,0
1993-02-20,0.0,0.0,90319.0,0,0
1993-02-21,1.0,0.0,61861.0,0,0
1993-02-22,0.0,0.0,67534.0,0,0
1993-02-23,0.0,0.0,70095.0,0,0
1993-02-24,0.0,0.0,87501.0,0,0
1993-02-25,0.0,0.0,71282.0,0,0
1993-02-26,0.0,0.0,95598.0,0,0
1993-02-27,0.0,0.0,97334.0,0,0
1993-02-28,0.0,0.0,76941.0,0,0
1993-03-01,0.0,0.0,70593.0,0,0
1993-03-02,0.0,0.0,50907.0,0,0
1993-03-03,0.0,0.0,0.0,1,0
1993-03-04,1.0,0.0,59562.0,0,0
1993-03-05,0.0,0.0,78545.0,0,0
1993-03-06,0.0,0.0,80818.0,0,0
1993-03-07,0.0,0.0,68724.0,0,0
1993-03-08,1.0,0.0,61694.0,0,0
1993-03-09,0.0,0.0,56208.0,0,0
1993-03-10,0.0,0.0,80498.0,0,0
1993-03-11,0.0,0.0,0.0,1,0
1993-03-12,1.0,0.0,58020.0,0,0
1993-03-13,0.0,0.0,81562.0,0,0
1993-03-14,0.0,0.0,101844.0,0,0
1993-03-15,1.0,0.0,45219.0,0,0
1993-03-16,0.0,0.0,74991.0,0,0
1993-03-17,0.0,1.0,196043.0,0,0
1993-03-18,0.0,1.0,105831.0,0,0
1993-03-19,1.0,1.0,73213.0,0,0
1993-03-20,1.0,1.0,83715.0,0,1
1993-03-21,0.0,0.0,72698.0,0,0
1993-03-22,0.0,0.0,70255.0,0,0
1993-03-23,0.0,0.0,66265.0,0,0
1993-03-24,1.0,0.0,63874.0,0,0
1993-03-25,0.0,0.0,0.0,1,0
1993-03-26,0.0,0.0,91984.0,0,0
1993-03-27,0.0,0.0,93456.0,0,0
1993-03-28,1.0,0.0,54794.0,0,0
1993-03-29,0.0,0.0,74856.0,0,0
1993-03-30,0.0,0.0,84263.0,0,0
1993-03-31,1.0,1.0,132967.0,0,0
1993-04-01,1.0,1.0,112994.0,0,0
1993-04-02,0.0,1.0,122939.0,0,0
1993-04-03,0.0,1.0,113699.0,0,0
1993-04-04,0.0,0.0,109347.0,0,0
1993-04-05,0.0,0.0,90139.0,0,0
1993-04-06,0.0,0.0,69803.0,0,0
1993-04-07,0.0,0.0,85942.0,0,0
1993-04-08,0.0,0.0,0.0,1,0
1993-04-09,1.0,0.0,56339.0,0,0
1993-04-10,0.0,0.0,96964.0,0,0
1993-04-11,0.0,0.0,90336.0,0,0
1993-04-12,0.0,0.0,67921.0,0,0
1993-04-13,1.0,0.0,76359.0,0,0
1993-04-14,0.0,0.0,81920.0,0,0
1993-04-15,0.0,0.0,0.0,1,0
1993-04-16,0.0,0.0,93173.0,0,0
1993-04-17,0.0,0.0,99600.0,0,0
1993-04-18,0.0,0.0,94576.0,0,0
1993-04-19,0.0,0.0,115713.0,0,0
1993-04-20,0.0,0.0,79199.0,0,0
1993-04-21,0.0,1.0,287306.0,0,0
1993-04-22,1.0,1.0,139942.0,0,0
1993-04-23,0.0,1.0,161222.0,0,0
1993-04-24,0.0,1.0,174932.0,0,0
1993-04-25,0.0,1.0,107971.0,0,0
1993-04-26,0.0,0.0,91444.0,0,0
1993-04-27,0.0,0.0,91496.0,0,0
1993-04-28,1.0,0.0,77012.0,0,0
1993-04-29,0.0,0.0,0.0,1,1
1993-04-30,1.0,0.0,63244.0,0,0
1993-05-01,0.0,0.0,111693.0,0,0
1993-05-02,1.0,0.0,48826.0,0,0
1993-05-03,0.0,0.0,99450.0,0,1
1993-05-04,0.0,0.0,90156.0,0,1
1993-05-05,0.0,0.0,0.0,1,1
1993-05-06,0.0,0.0,0.0,1,0
1993-05-07,0.0,0.0,104527.0,0,0
1993-05-08,0.0,0.0,108174.0,0,0
1993-05-09,1.0,0.0,106273.0,0,0
1993-05-10,1.0,0.0,70738.0,0,0
1993-05-11,0.0,0.0,115553.0,0,0
1993-05-12,0.0,1.0,207642.0,0,0
1993-05-13,0.0,1.0,168517.0,0,0
1993-05-14,1.0,1.0,56949.0,0,0
1993-05-15,0.0,1.0,142181.0,0,0
1993-05-16,0.0,0.0,146374.0,0,0
1993-05-17,0.0,0.0,80000.0,0,0
1993-05-18,1.0,0.0,74267.0,0,0
1993-05-19,0.0,0.0,132078.0,0,0
1993-05-20,0.0,0.0,0.0,1,0
1993-05-21,0.0,0.0,118847.0,0,0
1993-05-22,1.0,0.0,82038.0,0,0
1993-05-23,0.0,0.0,99962.0,0,0
1993-05-24,0.0,0.0,91980.0,0,0
1993-05-25,0.0,0.0,124376.0,0,0
1993-05-26,0.0,1.0,237462.0,0,0
1993-05-27,0.0,1.0,147451.0,0,0
1993-05-28,0.0,1.0,108204.0,0,0
1993-05-29,0.0,1.0,145584.0,0,0
1993-05-30,1.0,0.0,77987.0,0,0
1993-05-31,1.0,0.0,77742.0,0,0
1993-06-01,0.0,0.0,85527.0,0,0
1993-06-02,0.0,0.0,81997.0,0,0
1993-06-03,0.0,0.0,0.0,1,0
1993-06-04,0.0,0.0,93904.0,0,0
1993-06-05,1.0,0.0,93516.0,0,0
1993-06-06,1.0,0.0,95713.0,0,0
1993-06-07,0.0,0.0,85025.0,0,0
1993-06-08,0.0,0.0,92094.0,0,0
1993-06-09,0.0,0.0,0.0,1,1
1993-06-10,0.0,0.0,96042.0,0,0
1993-06-11,0.0,1.0,151834.0,0,0
1993-06-12,0.0,1.0,162043.0,0,0
1993-06-13,1.0,1.0,96322.0,0,0
1993-06-14,1.0,0.0,86613.0,0,0
1993-06-15,0.0,0.0,102030.0,0,0
1993-06-16,0.0,0.0,136718.0,0,0
1993-06-17,0.0,0.0,0.0,1,0
1993-06-18,0.0,0.0,125827.0,0,0
1993-06-19,1.0,0.0,64598.0,0,0
1993-06-20,0.0,0.0,118742.0,0,0
1993-06-21,1.0,0.0,86326.0,0,0
1993-06-22,0.0,0.0,109563.0,0,0
1993-06-23,1.0,0.0,55697.0,0,0
1993-06-24,0.0,0.0,0.0,1,0
1993-06-25,0.0,0.0,117363.0,0,0
1993-06-26,1.0,0.0,93131.0,0,0
1993-06-27,0.0,0.0,110902.0,0,0
1993-06-28,0.0,0.0,107079.0,0,0
1993-06-29,1.0,0.0,59646.0,0,0
1993-06-30,1.0,1.0,89063.0,0,0
1993-07-01,1.0,1.0,127286.0,0,0
1993-07-02,1.0,1.0,60648.0,0,0
1993-07-03,0.0,1.0,125242.0,0,0
1993-07-04,0.0,0.0,111303.0,0,0
1993-07-05,1.0,0.0,65213.0,0,0
1993-07-06,0.0,0.0,113590.0,0,0
1993-07-07,1.0,0.0,60008.0,0,0
1993-07-08,0.0,0.0,0.0,1,0
1993-07-09,1.0,0.0,103248.0,0,0
1993-07-10,0.0,0.0,121172.0,0,0
1993-07-11,0.0,0.0,121122.0,0,0
1993-07-12,1.0,0.0,80896.0,0,0
1993-07-13,1.0,0.0,75901.0,0,0
1993-07-14,0.0,1.0,210234.0,0,0
1993-07-15,0.0,1.0,182311.0,0,0
1993-07-16,0.0,1.0,156540.0,0,0
1993-07-17,1.0,1.0,77406.0,0,0
1993-07-18,1.0,0.0,73638.0,0,0
1993-07-19,1.0,0.0,80869.0,0,0
1993-07-20,1.0,0.0,70122.0,0,0
1993-07-21,1.0,0.0,73587.0,0,0
1993-07-22,0.0,0.0,0.0,1,0
1993-07-23,0.0,0.0,116259.0,0,0
1993-07-24,1.0,0.0,65414.0,0,0
1993-07-25,1.0,0.0,65222.0,0,0
1993-07-26,1.0,0.0,78044.0,0,0
1993-07-27,0.0,0.0,127668.0,0,0
1993-07-28,0.0,1.0,225538.0,0,0
1993-07-29,0.0,1.0,143597.0,0,0
1993-07-30,1.0,1.0,98662.0,0,0
1993-07-31,0.0,1.0,121817.0,0,0
1993-08-01,0.0,0.0,120388.0,0,0
1993-08-02,0.0,0.0,102174.0,0,0
1993-08-03,1.0,0.0,80583.0,0,0
1993-08-04,0.0,1.0,332351.0,0,0
1993-08-05,0.0,1.0,178373.0,0,0
1993-08-06,1.0,1.0,69852.0,0,0
1993-08-07,0.0,1.0,146906.0,0,0
1993-08-08,0.0,0.0,111998.0,0,0
1993-08-09,0.0,0.0,106851.0,0,0
1993-08-10,1.0,0.0,71959.0,0,0
1993-08-11,0.0,1.0,183183.0,0,0
1993-08-12,0.0,1.0,143180.0,0,0
1993-08-13,0.0,1.0,85816.0,0,0
1993-08-14,1.0,1.0,99022.0,0,0
1993-08-15,1.0,1.0,98531.0,0,0
1993-08-16,0.0,0.0,0.0,1,0
1993-08-17,0.0,0.0,0.0,1,0
1993-08-18,0.0,0.0,0.0,1,0
1993-08-19,0.0,0.0,0.0,1,0
1993-08-20,0.0,0.0,0.0,1,0
1993-08-21,0.0,0.0,0.0,1,0
1993-08-22,0.0,0.0,0.0,1,0
1993-08-23,0.0,0.0,100429.0,0,0
1993-08-24,0.0,0.0,85161.0,0,0
1993-08-25,0.0,0.0,78573.0,0,0
1993-08-26,1.0,0.0,41139.0,0,0
1993-08-27,0.0,0.0,0.0,1,0
1993-08-28,0.0,0.0,88277.0,0,0
1993-08-29,0.0,0.0,96323.0,0,0
1993-08-30,0.0,0.0,80047.0,0,0
1993-08-31,0.0,0.0,78090.0,0,0
1993-09-01,0.0,0.0,70042.0,0,0
1993-09-02,0.0,0.0,71533.0,0,0
1993-09-03,1.0,0.0,59831.0,0,0
1993-09-04,1.0,0.0,57723.0,0,0
1993-09-05,0.0,0.0,0.0,1,0
1993-09-06,0.0,0.0,0.0,1,0
1993-09-07,1.0,0.0,43661.0,0,0
1993-09-08,1.0,0.0,61249.0,0,0
1993-09-09,1.0,0.0,65709.0,0,0
1993-09-10,0.0,0.0,94759.0,0,0
1993-09-11,0.0,0.0,94600.0,0,0
1993-09-12,0.0,0.0,101808.0,0,0
1993-09-13,0.0,0.0,81461.0,0,0
1993-09-14,1.0,0.0,59154.0,0,0
1993-09-15,0.0,0.0,94252.0,0,1
1993-09-16,0.0,0.0,0.0,1,0
1993-09-17,0.0,0.0,67835.0,0,0
1993-09-18,0.0,0.0,68632.0,0,0
1993-09-19,0.0,0.0,72905.0,0,0
1993-09-20,0.0,0.0,83325.0,0,0
1993-09-21,1.0,0.0,60582.0,0,0
1993-09-22,1.0,0.0,52603.0,0,0
1993-09-23,0.0,0.0,0.0,1,1
1993-09-24,1.0,0.0,89163.0,0,0
1993-09-25,0.0,0.0,111450.0,0,0
1993-09-26,0.0,0.0,101789.0,0,0
1993-09-27,0.0,0.0,77998.0,0,0
1993-09-28,0.0,0.0,80713.0,0,0
1993-09-29,0.0,1.0,263564.0,0,0
1993-09-30,0.0,1.0,113750.0,0,0
1993-10-01,0.0,1.0,104904.0,0,0
1993-10-02,0.0,1.0,115550.0,0,0
1993-10-03,1.0,0.0,62620.0,0,0
1993-10-04,0.0,0.0,91771.0,0,0
1993-10-05,0.0,0.0,80786.0,0,0
1993-10-06,0.0,0.0,0.0,1,0
1993-10-07,0.0,0.0,0.0,1,0
1993-10-08,1.0,0.0,63899.0,0,0
1993-10-09,0.0,0.0,163911.0,0,0
1993-10-10,0.0,0.0,106220.0,0,1
1993-10-11,0.0,0.0,87082.0,0,1
1993-10-12,0.0,0.0,95982.0,0,0
1993-10-13,0.0,1.0,191609.0,0,0
1993-10-14,1.0,1.0,86542.0,0,0
1993-10-15,0.0,1.0,112262.0,0,0
1993-10-16,1.0,0.0,69004.0,0,0
1993-10-17,0.0,0.0,103145.0,0,0
1993-10-18,0.0,0.0,84966.0,0,0
1993-10-19,0.0,0.0,97341.0,0,0
1993-10-20,0.0,0.0,103917.0,0,0
1993-10-21,0.0,0.0,0.0,1,0
1993-10-22,0.0,0.0,103866.0,0,0
1993-10-23,0.0,0.0,113676.0,0,0
1993-10-24,0.0,0.0,103907.0,0,0
1993-10-25,0.0,0.0,93141.0,0,0
1993-10-26,0.0,0.0,108863.0,0,0
1993-10-27,0.0,1.0,195012.0,0,0
1993-10-28,0.0,1.0,131244.0,0,0
1993-10-29,0.0,0.0,108276.0,0,0
1993-10-30,1.0,0.0,52840.0,0,0
1993-10-31,0.0,0.0,96737.0,0,0
1993-11-01,0.0,0.0,104292.0,0,0
1993-11-02,0.0,0.0,88819.0,0,0
1993-11-03,0.0,0.0,92127.0,0,1
1993-11-04,0.0,0.0,0.0,1,0
1993-11-05,0.0,0.0,98912.0,0,0
1993-11-06,0.0,0.0,96961.0,0,0
1993-11-07,0.0,0.0,76924.0,0,0
1993-11-08,1.0,0.0,41338.0,0,0
1993-11-09,0.0,0.0,96461.0,0,0
1993-11-10,0.0,0.0,119259.0,0,0
1993-11-11,0.0,0.0,0.0,1,0
1993-11-12,1.0,0.0,93648.0,0,0
1993-11-13,1.0,0.0,54505.0,0,0
1993-11-14,0.0,0.0,92934.0,0,0
1993-11-15,0.0,0.0,77277.0,0,0
1993-11-16,0.0,0.0,86226.0,0,0
1993-11-17,0.0,1.0,179284.0,0,0
1993-11-18,0.0,1.0,118297.0,0,0
1993-11-19,0.0,1.0,97862.0,0,0
1993-11-20,1.0,0.0,55058.0,0,0
1993-11-21,1.0,0.0,68023.0,0,0
1993-11-22,0.0,0.0,82708.0,0,0
1993-11-23,0.0,0.0,76795.0,0,1
1993-11-24,0.0,0.0,72571.0,0,0
1993-11-25,0.0,0.0,0.0,1,0
1993-11-26,0.0,0.0,97619.0,0,0
1993-11-27,0.0,0.0,94385.0,0,0
1993-11-28,0.0,0.0,77241.0,0,0
1993-11-29,0.0,0.0,85815.0,0,0
1993-11-30,0.0,0.0,111356.0,0,0
1993-12-01,0.0,1.0,181298.0,0,0
1993-12-02,0.0,1.0,145715.0,0,0
1993-12-03,0.0,1.0,93631.0,0,0
1993-12-04,1.0,0.0,100535.0,0,0
1993-12-05,0.0,0.0,88711.0,0,0
1993-12-06,1.0,0.0,73055.0,0,0
1993-12-07,0.0,0.0,80816.0,0,0
1993-12-08,1.0,0.0,55209.0,0,0
1993-12-09,0.0,0.0,0.0,1,0
1993-12-10,1.0,0.0,118538.0,0,0
1993-12-11,0.0,0.0,99773.0,0,0
1993-12-12,0.0,0.0,110115.0,0,0
1993-12-13,0.0,0.0,87561.0,0,0
1993-12-14,1.0,0.0,78439.0,0,0
1993-12-15,0.0,1.0,198351.0,0,0
1993-12-16,0.0,1.0,134083.0,0,0
1993-12-17,0.0,1.0,101619.0,0,0
1993-12-18,0.0,0.0,120650.0,0,0
1993-12-19,0.0,0.0,104723.0,0,0
1993-12-20,1.0,0.0,56711.0,0,0
1993-12-21,0.0,0.0,99224.0,0,0
1993-12-22,0.0,0.0,87682.0,0,0
1993-12-23,0.0,0.0,99185.0,0,1
1993-12-24,0.0,0.0,114425.0,0,0
1993-12-25,0.0,1.0,199092.0,0,0
1993-12-26,0.0,1.0,122140.0,0,0
1993-12-27,0.0,1.0,98798.0,0,0
1993-12-28,0.0,1.0,98305.0,0,0
1993-12-29,0.0,0.0,94771.0,0,0
1993-12-30,0.0,0.0,108693.0,0,0
1993-12-31,0.0,0.0,111898.0,0,0
